"id";"group";"x";"trial";"error"
1;"Cognitive Load";-0.0372123279067096;1;0.139644148293883
1;"Cognitive Load";-0.0372123279067096;2;0.219611403868143
1;"Cognitive Load";-0.0372123279067096;3;0.439030338344605
1;"Cognitive Load";-0.0372123279067096;4;0.270522729080959
1;"Cognitive Load";-0.0372123279067096;5;0.00930958717911817
2;"Cognitive Load";-0.360441579671531;1;0.43130222754553
2;"Cognitive Load";-0.360441579671531;2;0.518326274252096
2;"Cognitive Load";-0.360441579671531;3;0.492408108669969
2;"Cognitive Load";-0.360441579671531;4;0.483458140613005
2;"Cognitive Load";-0.360441579671531;5;0.432801733395385
3;"Cognitive Load";-1.76705741137146;1;0.612178698182106
3;"Cognitive Load";-1.76705741137146;2;0.431445717081081
3;"Cognitive Load";-1.76705741137146;3;0.446141329205786
3;"Cognitive Load";-1.76705741137146;4;0.509173964881156
3;"Cognitive Load";-1.76705741137146;5;0.572991705834318
4;"Emotional Stressor";1.63388771104497;1;0.290753012988716
4;"Emotional Stressor";1.63388771104497;2;0.70207583908874
4;"Emotional Stressor";1.63388771104497;3;0.999987157399991
4;"Emotional Stressor";1.63388771104497;4;0.892460825896627
4;"Emotional Stressor";1.63388771104497;5;0.751450171176475
5;"Cognitive Load";-0.316960441652354;1;0.155731739941984
5;"Cognitive Load";-0.316960441652354;2;0.493651402658075
5;"Cognitive Load";-0.316960441652354;3;0.500247276173585
5;"Cognitive Load";-0.316960441652354;4;0.563786371618324
5;"Cognitive Load";-0.316960441652354;5;0.285616699944922
6;"Emotional Stressor";-1.16033739955093;1;0.699504074640572
6;"Emotional Stressor";-1.16033739955093;2;0.363878442573485
6;"Emotional Stressor";-1.16033739955093;3;0.572992255495983
6;"Emotional Stressor";-1.16033739955093;4;0.572461697912105
6;"Emotional Stressor";-1.16033739955093;5;0.690164027372304
7;"Emotional Stressor";-0.872044567933808;1;0.346298876218498
7;"Emotional Stressor";-0.872044567933808;2;0.512749681808855
7;"Emotional Stressor";-0.872044567933808;3;0.572229872143592
7;"Emotional Stressor";-0.872044567933808;4;0.459792407695602
7;"Emotional Stressor";-0.872044567933808;5;0.765625710772859
8;"Cognitive Load";-1.7852039384466;1;0.445638875942677
8;"Cognitive Load";-1.7852039384466;2;0.493109575015811
8;"Cognitive Load";-1.7852039384466;3;0.544829938261272
8;"Cognitive Load";-1.7852039384466;4;0.405869587211082
8;"Cognitive Load";-1.7852039384466;5;0.428605028756743
9;"Cognitive Load";1.01306112729054;1;0.0524160284548998
9;"Cognitive Load";1.01306112729054;2;0.552623109919558
9;"Cognitive Load";1.01306112729054;3;0.333148225029666
9;"Cognitive Load";1.01306112729054;4;0.535316441813424
9;"Cognitive Load";1.01306112729054;5;0.531468452909119
10;"Cognitive Load";0.583921183544985;1;0.103201693389565
10;"Cognitive Load";0.583921183544985;2;0.347339692859894
10;"Cognitive Load";0.583921183544985;3;0.357625974682889
10;"Cognitive Load";0.583921183544985;4;0.566775410132395
10;"Cognitive Load";0.583921183544985;5;0.667825260369514
11;"Emotional Stressor";-0.880275499843672;1;0.141156306955963
11;"Emotional Stressor";-0.880275499843672;2;0.452775585700563
11;"Emotional Stressor";-0.880275499843672;3;0.372769995247541
11;"Emotional Stressor";-0.880275499843672;4;0.251799176714715
11;"Emotional Stressor";-0.880275499843672;5;0.287287648523712
12;"Emotional Stressor";-0.266348029685562;1;0.0429379628039896
12;"Emotional Stressor";-0.266348029685562;2;0.735955521000075
12;"Emotional Stressor";-0.266348029685562;3;0.54093888023002
12;"Emotional Stressor";-0.266348029685562;4;0.533680249607612
12;"Emotional Stressor";-0.266348029685562;5;0.34765022702253
13;"Cognitive Load";1.36357163385664;1;0.621706323698163
13;"Cognitive Load";1.36357163385664;2;0.727054683560075
13;"Cognitive Load";1.36357163385664;3;0.528584571716786
13;"Cognitive Load";1.36357163385664;4;0.305230975238377
13;"Cognitive Load";1.36357163385664;5;0.483429315380242
14;"Cognitive Load";-0.318564869718869;1;0.153591976035386
14;"Cognitive Load";-0.318564869718869;2;0.222571221126073
14;"Cognitive Load";-0.318564869718869;3;0.100614625701488
14;"Cognitive Load";-0.318564869718869;4;0.166947806123728
14;"Cognitive Load";-0.318564869718869;5;0.166919226678833
15;"Emotional Stressor";-0.980800218433862;1;0.715214102994651
15;"Emotional Stressor";-0.980800218433862;2;0.545398495661122
15;"Emotional Stressor";-0.980800218433862;3;0.567824441066747
15;"Emotional Stressor";-0.980800218433862;4;0.52708406347332
15;"Emotional Stressor";-0.980800218433862;5;0.574584192955257
16;"Cognitive Load";1.05780074323981;1;0.928300717379898
16;"Cognitive Load";1.05780074323981;2;0.624739262341569
16;"Cognitive Load";1.05780074323981;3;0.506333236013919
16;"Cognitive Load";1.05780074323981;4;0.418276632644228
16;"Cognitive Load";1.05780074323981;5;0.185488797349466
17;"Emotional Stressor";-0.280520206797244;1;0.57813325850293
17;"Emotional Stressor";-0.280520206797244;2;0.245420478684777
17;"Emotional Stressor";-0.280520206797244;3;0.417127860258002
17;"Emotional Stressor";-0.280520206797244;4;0.489403086533808
17;"Emotional Stressor";-0.280520206797244;5;0.630101054892095
18;"Cognitive Load";-0.314548636721155;1;0.261857280042022
18;"Cognitive Load";-0.314548636721155;2;0.554718639304692
18;"Cognitive Load";-0.314548636721155;3;0.4168557252429
18;"Cognitive Load";-0.314548636721155;4;0.469563989310621
18;"Cognitive Load";-0.314548636721155;5;0.3903479575316
19;"Emotional Stressor";1.14743287720658;1;0.724829610902816
19;"Emotional Stressor";1.14743287720658;2;0.353181464334032
19;"Emotional Stressor";1.14743287720658;3;0.30952631062792
19;"Emotional Stressor";1.14743287720658;4;0.169613974344711
19;"Emotional Stressor";1.14743287720658;5;0.404122197808577
20;"Cognitive Load";-1.22224034167667;1;0.0370919215492904
20;"Cognitive Load";-1.22224034167667;2;0.172449705614891
20;"Cognitive Load";-1.22224034167667;3;0.267124557206497
20;"Cognitive Load";-1.22224034167667;4;0.32840229252435
20;"Cognitive Load";-1.22224034167667;5;0.225421245496787
21;"Emotional Stressor";0.399786424938784;1;0.100565594155341
21;"Emotional Stressor";0.399786424938784;2;0.632127829173286
21;"Emotional Stressor";0.399786424938784;3;0.490461280423706
21;"Emotional Stressor";0.399786424938784;4;0.175102417038053
21;"Emotional Stressor";0.399786424938784;5;0.463501819204329
22;"Emotional Stressor";0.406591141571219;1;0.73264494119212
22;"Emotional Stressor";0.406591141571219;2;0.514778867444248
22;"Emotional Stressor";0.406591141571219;3;0.474355392168095
22;"Emotional Stressor";0.406591141571219;4;0.599397244683312
22;"Emotional Stressor";0.406591141571219;5;0.703125758597961
23;"Cognitive Load";-0.317954835178942;1;0.225411320105195
23;"Cognitive Load";-0.317954835178942;2;0.529969765626783
23;"Cognitive Load";-0.317954835178942;3;0.426646597566745
23;"Cognitive Load";-0.317954835178942;4;0.386300997240296
23;"Cognitive Load";-0.317954835178942;5;0.363940548731633
24;"Emotional Stressor";0.0660634108542245;1;0.221420639660209
24;"Emotional Stressor";0.0660634108542245;2;0.541713953831402
24;"Emotional Stressor";0.0660634108542245;3;0.576076650150526
24;"Emotional Stressor";0.0660634108542245;4;0.794536260274359
24;"Emotional Stressor";0.0660634108542245;5;0.672944430067267
25;"Emotional Stressor";0.307750131142784;1;0.610088479705155
25;"Emotional Stressor";0.307750131142784;2;0.587994952956695
25;"Emotional Stressor";0.307750131142784;3;0.487759283848169
25;"Emotional Stressor";0.307750131142784;4;0.772889691829346
25;"Emotional Stressor";0.307750131142784;5;0.866813841145747
26;"Emotional Stressor";-2.39254399274647;1;0.953966970089823
26;"Emotional Stressor";-2.39254399274647;2;0.669689377782953
26;"Emotional Stressor";-2.39254399274647;3;0.581388917126032
26;"Emotional Stressor";-2.39254399274647;4;0.622177723411855
26;"Emotional Stressor";-2.39254399274647;5;0.67745801129409
27;"Emotional Stressor";1.07512128715481;1;0.236901428550482
27;"Emotional Stressor";1.07512128715481;2;0.512583060875525
27;"Emotional Stressor";1.07512128715481;3;0.595158801954766
27;"Emotional Stressor";1.07512128715481;4;0.564445283310675
27;"Emotional Stressor";1.07512128715481;5;0.548619363345802
28;"Emotional Stressor";-0.970097150970144;1;0.338517752010375
28;"Emotional Stressor";-0.970097150970144;2;0.359701929660636
28;"Emotional Stressor";-0.970097150970144;3;0.280895662145645
28;"Emotional Stressor";-0.970097150970144;4;0.489801508632885
28;"Emotional Stressor";-0.970097150970144;5;0.440924001764945
29;"Cognitive Load";2.34649183086115;1;0.0528108975850046
29;"Cognitive Load";2.34649183086115;2;0.382490176015236
29;"Cognitive Load";2.34649183086115;3;0.436351262344539
29;"Cognitive Load";2.34649183086115;4;0.391243455396764
29;"Cognitive Load";2.34649183086115;5;0.095854253586927
30;"Emotional Stressor";-0.485284357205785;1;0.738346566446126
30;"Emotional Stressor";-0.485284357205785;2;0.524355678627115
30;"Emotional Stressor";-0.485284357205785;3;0.564289235086053
30;"Emotional Stressor";-0.485284357205785;4;0.738267820910907
30;"Emotional Stressor";-0.485284357205785;5;0.898973194519515
31;"Emotional Stressor";0.969392285851777;1;0.119810560252517
31;"Emotional Stressor";0.969392285851777;2;0.642835499300544
31;"Emotional Stressor";0.969392285851777;3;0.707402069932171
31;"Emotional Stressor";0.969392285851777;4;0.738101965833766
31;"Emotional Stressor";0.969392285851777;5;0.469789837359176
32;"Cognitive Load";1.76111357022699;1;0.0588940787129104
32;"Cognitive Load";1.76111357022699;2;0.562834492917946
32;"Cognitive Load";1.76111357022699;3;0.492682315343067
32;"Cognitive Load";1.76111357022699;4;0.395922554605421
32;"Cognitive Load";1.76111357022699;5;0.375997522872264
33;"Cognitive Load";-0.664388321369044;1;0.188019467052072
33;"Cognitive Load";-0.664388321369044;2;0.500898863484254
33;"Cognitive Load";-0.664388321369044;3;0.646207351246315
33;"Cognitive Load";-0.664388321369044;4;0.697829294529165
33;"Cognitive Load";-0.664388321369044;5;0.562433995960259
34;"Emotional Stressor";1.13791582759472;1;0.0995577871799469
34;"Emotional Stressor";1.13791582759472;2;0.438120920580348
34;"Emotional Stressor";1.13791582759472;3;0.485333149404708
34;"Emotional Stressor";1.13791582759472;4;0.349447896806029
34;"Emotional Stressor";1.13791582759472;5;0.636860953071724
35;"Cognitive Load";-2.12576589889273;1;0.675870086997747
35;"Cognitive Load";-2.12576589889273;2;0.196183224926727
35;"Cognitive Load";-2.12576589889273;3;0.263756000245813
35;"Cognitive Load";-2.12576589889273;4;0.377939587740604
35;"Cognitive Load";-2.12576589889273;5;0.556484249318358
36;"Emotional Stressor";-0.443463866959618;1;0.692652112338692
36;"Emotional Stressor";-0.443463866959618;2;0.256654918296126
36;"Emotional Stressor";-0.443463866959618;3;0.34215147734991
36;"Emotional Stressor";-0.443463866959618;4;0.384443869984444
36;"Emotional Stressor";-0.443463866959618;5;0.595541667144722
37;"Emotional Stressor";-0.0810226087632961;1;0.866791071370244
37;"Emotional Stressor";-0.0810226087632961;2;0.492158312397783
37;"Emotional Stressor";-0.0810226087632961;3;0.532090975162553
37;"Emotional Stressor";-0.0810226087632961;4;0.541459679196745
37;"Emotional Stressor";-0.0810226087632961;5;0.531620065893052
38;"Cognitive Load";0.870252257742397;1;0.351231020875275
38;"Cognitive Load";0.870252257742397;2;0.514381236679315
38;"Cognitive Load";0.870252257742397;3;0.637689547478663
38;"Cognitive Load";0.870252257742397;4;0.574699965938616
38;"Cognitive Load";0.870252257742397;5;0.299994182714931
39;"Cognitive Load";-0.903677850148908;1;0.49642333900556
39;"Cognitive Load";-0.903677850148908;2;0.557517755435519
39;"Cognitive Load";-0.903677850148908;3;0.641235745126468
39;"Cognitive Load";-0.903677850148908;4;0.564160887872274
39;"Cognitive Load";-0.903677850148908;5;0.521044835422955
40;"Cognitive Load";0.763075389340163;1;0.701977930963039
40;"Cognitive Load";0.763075389340163;2;0.433990075302615
40;"Cognitive Load";0.763075389340163;3;0.44957488711312
40;"Cognitive Load";0.763075389340163;4;0.542978578094004
40;"Cognitive Load";0.763075389340163;5;0.477120777085112
41;"Cognitive Load";-0.830163887049918;1;0.206008253619075
41;"Cognitive Load";-0.830163887049918;2;0.0288419519646
41;"Cognitive Load";-0.830163887049918;3;0.272501437032384
41;"Cognitive Load";-0.830163887049918;4;0.447293290962597
41;"Cognitive Load";-0.830163887049918;5;0.544432916951858
42;"Cognitive Load";-2.04494615141229;1;0.773390651214868
42;"Cognitive Load";-2.04494615141229;2;0.578693203476655
42;"Cognitive Load";-2.04494615141229;3;0.453362746042372
42;"Cognitive Load";-2.04494615141229;4;0.500638219134179
42;"Cognitive Load";-2.04494615141229;5;0.359894353613758
43;"Cognitive Load";-1.96219211286217;1;0.0669198981486261
43;"Cognitive Load";-1.96219211286217;2;0.552524554203594
43;"Cognitive Load";-1.96219211286217;3;0.548606754673532
43;"Cognitive Load";-1.96219211286217;4;0.61221759906979
43;"Cognitive Load";-1.96219211286217;5;0.476511240833412
44;"Cognitive Load";0.374129942792984;1;0.52707497915253
44;"Cognitive Load";0.374129942792984;2;0.588695945625027
44;"Cognitive Load";0.374129942792984;3;0.229767598447599
44;"Cognitive Load";0.374129942792984;4;0.478744011042645
44;"Cognitive Load";0.374129942792984;5;0.516265032711351
45;"Cognitive Load";-0.563584108052391;1;0.661838880274445
45;"Cognitive Load";-0.563584108052391;2;0.608279863084096
45;"Cognitive Load";-0.563584108052391;3;0.704110000646301
45;"Cognitive Load";-0.563584108052391;4;0.713566685100728
45;"Cognitive Load";-0.563584108052391;5;0.62756547782075
46;"Emotional Stressor";1.68414318710624;1;0.935800745151937
46;"Emotional Stressor";1.68414318710624;2;0.437441227099375
46;"Emotional Stressor";1.68414318710624;3;0.504641849808895
46;"Emotional Stressor";1.68414318710624;4;0.55051920671073
46;"Emotional Stressor";1.68414318710624;5;0.40416358902337
47;"Emotional Stressor";0.739721305163525;1;0.315688142087311
47;"Emotional Stressor";0.739721305163525;2;0.478744192021504
47;"Emotional Stressor";0.739721305163525;3;0.680439405040245
47;"Emotional Stressor";0.739721305163525;4;0.615086438801325
47;"Emotional Stressor";0.739721305163525;5;0.656574898093541
48;"Emotional Stressor";-1.03638065375379;1;0.522723946720362
48;"Emotional Stressor";-1.03638065375379;2;0.780476844965371
48;"Emotional Stressor";-1.03638065375379;3;0.705250292878364
48;"Emotional Stressor";-1.03638065375379;4;0.637140220105457
48;"Emotional Stressor";-1.03638065375379;5;0.552276020678006
49;"Cognitive Load";-0.226119214772031;1;0.765849908348173
49;"Cognitive Load";-0.226119214772031;2;0.323186248601388
49;"Cognitive Load";-0.226119214772031;3;0.396758608913402
49;"Cognitive Load";-0.226119214772031;4;0.494547974084875
49;"Cognitive Load";-0.226119214772031;5;0.368125438227474
50;"Emotional Stressor";-1.26440321452309;1;0.127072621602565
50;"Emotional Stressor";-1.26440321452309;2;0.457418550859745
50;"Emotional Stressor";-1.26440321452309;3;0.376589258778507
50;"Emotional Stressor";-1.26440321452309;4;0.529784220692075
50;"Emotional Stressor";-1.26440321452309;5;0.668750730234874
51;"Emotional Stressor";-0.70156668711953;1;0.559355357196182
51;"Emotional Stressor";-0.70156668711953;2;0.537518417325869
51;"Emotional Stressor";-0.70156668711953;3;0.412819108495716
51;"Emotional Stressor";-0.70156668711953;4;0.425085095552866
51;"Emotional Stressor";-0.70156668711953;5;0.283578834770003
52;"Emotional Stressor";0.432564955556055;1;0.982615660410374
52;"Emotional Stressor";0.432564955556055;2;0.473626231672156
52;"Emotional Stressor";0.432564955556055;3;0.538342400587681
52;"Emotional Stressor";0.432564955556055;4;0.280665000303672
52;"Emotional Stressor";0.432564955556055;5;0.575372921360798
53;"Cognitive Load";-1.00741496780052;1;0.325261550489813
53;"Cognitive Load";-1.00741496780052;2;0.378452969407573
53;"Cognitive Load";-1.00741496780052;3;0.22459950066355
53;"Cognitive Load";-1.00741496780052;4;0.387356872207574
53;"Cognitive Load";-1.00741496780052;5;0.276649484288832
54;"Cognitive Load";-0.181062188400221;1;0.535502676386386
54;"Cognitive Load";-0.181062188400221;2;0.687493532567389
54;"Cognitive Load";-0.181062188400221;3;0.472175085190219
54;"Cognitive Load";-0.181062188400221;4;0.33762209775771
54;"Cognitive Load";-0.181062188400221;5;0.410849467122398
55;"Cognitive Load";1.45191787017608;1;0.507677657995373
55;"Cognitive Load";1.45191787017608;2;0.527028358346114
55;"Cognitive Load";1.45191787017608;3;0.464077616842048
55;"Cognitive Load";1.45191787017608;4;0.454323073211828
55;"Cognitive Load";1.45191787017608;5;0.442984665717755
56;"Emotional Stressor";0.021424434828902;1;0.281995357014239
56;"Emotional Stressor";0.021424434828902;2;0.529861386577474
56;"Emotional Stressor";0.021424434828902;3;0.534237219167767
56;"Emotional Stressor";0.021424434828902;4;0.488133950514261
56;"Emotional Stressor";0.021424434828902;5;0.586711652609015
57;"Cognitive Load";1.52268814149331;1;0.347205867059529
57;"Cognitive Load";1.52268814149331;2;0.11003019490916
57;"Cognitive Load";1.52268814149331;3;0.310783377010314
57;"Cognitive Load";1.52268814149331;4;0.446379581165783
57;"Cognitive Load";1.52268814149331;5;0.26148766467992
58;"Emotional Stressor";-1.63435263397359;1;0.921084681060165
58;"Emotional Stressor";-1.63435263397359;2;0.405303078511951
58;"Emotional Stressor";-1.63435263397359;3;0.566627867139526
58;"Emotional Stressor";-1.63435263397359;4;0.620699908277344
58;"Emotional Stressor";-1.63435263397359;5;0.618854672920957
59;"Emotional Stressor";0.790517328019256;1;0.408148054033518
59;"Emotional Stressor";0.790517328019256;2;0.426894718355741
59;"Emotional Stressor";0.790517328019256;3;0.386032457103332
59;"Emotional Stressor";0.790517328019256;4;0.55354051827128
59;"Emotional Stressor";0.790517328019256;5;0.358061095197407
60;"Cognitive Load";-1.54378262958843;1;0.0957386111840606
60;"Cognitive Load";-1.54378262958843;2;0.562035204684431
60;"Cognitive Load";-1.54378262958843;3;0.358989155243524
60;"Cognitive Load";-1.54378262958843;4;0.418075492376823
60;"Cognitive Load";-1.54378262958843;5;0.436383025278236
61;"Cognitive Load";0.217052637234428;1;0.333891106769443
61;"Cognitive Load";0.217052637234428;2;0.462354688809975
61;"Cognitive Load";0.217052637234428;3;0.505714624051487
61;"Cognitive Load";0.217052637234428;4;0.612126665449469
61;"Cognitive Load";0.217052637234428;5;0.727066184200631
62;"Emotional Stressor";-0.515206836784615;1;0.620771055109799
62;"Emotional Stressor";-0.515206836784615;2;0.585421553093173
62;"Emotional Stressor";-0.515206836784615;3;0.652861732345212
62;"Emotional Stressor";-0.515206836784615;4;0.721566239472544
62;"Emotional Stressor";-0.515206836784615;5;0.698541657492205
63;"Emotional Stressor";-0.219813238375946;1;0.641131155192852
63;"Emotional Stressor";-0.219813238375946;2;0.324012710723548
63;"Emotional Stressor";-0.219813238375946;3;0.586962528648654
63;"Emotional Stressor";-0.219813238375946;4;0.560447370050964
63;"Emotional Stressor";-0.219813238375946;5;0.797345417676937
64;"Cognitive Load";0.532332772308282;1;0.752135447692126
64;"Cognitive Load";0.532332772308282;2;0.497006841569699
64;"Cognitive Load";0.532332772308282;3;0.775423772671796
64;"Cognitive Load";0.532332772308282;4;0.533693929515346
64;"Cognitive Load";0.532332772308282;5;0.751370301020755
65;"Emotional Stressor";-0.3627022329378;1;0.204952218104154
65;"Emotional Stressor";-0.3627022329378;2;0.727951371042953
65;"Emotional Stressor";-0.3627022329378;3;0.591685751635592
65;"Emotional Stressor";-0.3627022329378;4;0.628778154320587
65;"Emotional Stressor";-0.3627022329378;5;0.461432320024597
66;"Emotional Stressor";0.122184304576207;1;0.143259325064719
66;"Emotional Stressor";0.122184304576207;2;0.397653218618474
66;"Emotional Stressor";0.122184304576207;3;0.546736983283978
66;"Emotional Stressor";0.122184304576207;4;0.731672758406556
66;"Emotional Stressor";0.122184304576207;5;0.637503706329717
67;"Emotional Stressor";-1.56211724019067;1;0.445880704559386
67;"Emotional Stressor";-1.56211724019067;2;0.613864655208714
67;"Emotional Stressor";-1.56211724019067;3;0.544722395633627
67;"Emotional Stressor";-1.56211724019067;4;0.581039167203503
67;"Emotional Stressor";-1.56211724019067;5;0.533911658033284
68;"Emotional Stressor";0.285774447675907;1;0.369063737336546
68;"Emotional Stressor";0.285774447675907;2;0.726329548867415
68;"Emotional Stressor";0.285774447675907;3;0.55099487714334
68;"Emotional Stressor";0.285774447675907;4;0.573538041887159
68;"Emotional Stressor";0.285774447675907;5;0.649945571288087
69;"Cognitive Load";1.39850609688654;1;0.48527977662161
69;"Cognitive Load";1.39850609688654;2;0.362634902033197
69;"Cognitive Load";1.39850609688654;3;0.432697345773187
69;"Cognitive Load";1.39850609688654;4;0.634575545805795
69;"Cognitive Load";1.39850609688654;5;0.633695711117475
70;"Cognitive Load";0.560787508775747;1;0.0992675460875034
70;"Cognitive Load";0.560787508775747;2;0.288780098967971
70;"Cognitive Load";0.560787508775747;3;0.268280277544464
70;"Cognitive Load";0.560787508775747;4;0.289061736539447
70;"Cognitive Load";0.560787508775747;5;0.315755769972806
71;"Cognitive Load";0.0396895993885386;1;0.725650826003402
71;"Cognitive Load";0.0396895993885386;2;0.497379581524161
71;"Cognitive Load";0.0396895993885386;3;0.533056802534034
71;"Cognitive Load";0.0396895993885386;4;0.490727595075165
71;"Cognitive Load";0.0396895993885386;5;0.70580710930409
72;"Cognitive Load";-0.138764867801767;1;0.0372513611800969
72;"Cognitive Load";-0.138764867801767;2;0.229265373106745
72;"Cognitive Load";-0.138764867801767;3;0.399117541208728
72;"Cognitive Load";-0.138764867801767;4;0.642759130359135
72;"Cognitive Load";-0.138764867801767;5;0.498481084015505
73;"Emotional Stressor";-1.49875843776079;1;0.174697253387421
73;"Emotional Stressor";-1.49875843776079;2;0.510543686527619
73;"Emotional Stressor";-1.49875843776079;3;0.526672991751162
73;"Emotional Stressor";-1.49875843776079;4;0.496606866884193
73;"Emotional Stressor";-1.49875843776079;5;0.59408193258754
74;"Emotional Stressor";-3.06301028470459;1;0.288351588882506
74;"Emotional Stressor";-3.06301028470459;2;0.373004925975347
74;"Emotional Stressor";-3.06301028470459;3;0.364465937689895
74;"Emotional Stressor";-3.06301028470459;4;0.656916070290746
74;"Emotional Stressor";-3.06301028470459;5;0.581774906259782
75;"Cognitive Load";0.486539029036916;1;0.668870476540178
75;"Cognitive Load";0.486539029036916;2;0.132353936926254
75;"Cognitive Load";0.486539029036916;3;0.289979533754236
75;"Cognitive Load";0.486539029036916;4;0.475351090968765
75;"Cognitive Load";0.486539029036916;5;0.441805866466585
76;"Emotional Stressor";-0.765310001535765;1;0.76120568299666
76;"Emotional Stressor";-0.765310001535765;2;0.510233470679597
76;"Emotional Stressor";-0.765310001535765;3;0.615495242944008
76;"Emotional Stressor";-0.765310001535765;4;0.492280749981216
76;"Emotional Stressor";-0.765310001535765;5;0.418128805508044
77;"Cognitive Load";-1.1661216817939;1;0.803134286310524
77;"Cognitive Load";-1.1661216817939;2;0.56377318449601
77;"Cognitive Load";-1.1661216817939;3;0.404983305349776
77;"Cognitive Load";-1.1661216817939;4;0.577271238203491
77;"Cognitive Load";-1.1661216817939;5;0.527449586133861
78;"Emotional Stressor";-1.77153795848828;1;0.702857969328761
78;"Emotional Stressor";-1.77153795848828;2;0.351052309140496
78;"Emotional Stressor";-1.77153795848828;3;0.506379231921074
78;"Emotional Stressor";-1.77153795848828;4;0.558153294685966
78;"Emotional Stressor";-1.77153795848828;5;0.615835665165979
79;"Cognitive Load";-0.508510690017252;1;0.0479127573780715
79;"Cognitive Load";-0.508510690017252;2;0.343201003952909
79;"Cognitive Load";-0.508510690017252;3;0.373988096279035
79;"Cognitive Load";-0.508510690017252;4;0.241445889089305
79;"Cognitive Load";-0.508510690017252;5;0.22205664815981
80;"Cognitive Load";0.728186156826043;1;0.394260790664703
80;"Cognitive Load";0.728186156826043;2;0.77165721078924
80;"Cognitive Load";0.728186156826043;3;0.625599274998826
80;"Cognitive Load";0.728186156826043;4;0.632690030126277
80;"Cognitive Load";0.728186156826043;5;0.55216742278357
81;"Cognitive Load";-0.457555155359648;1;0.228620364330709
81;"Cognitive Load";-0.457555155359648;2;0.23385039362754
81;"Cognitive Load";-0.457555155359648;3;0.125996184566123
81;"Cognitive Load";-0.457555155359648;4;0.298336102708014
81;"Cognitive Load";-0.457555155359648;5;0.524775204577266
82;"Cognitive Load";0.758508126025697;1;0.726215386763215
82;"Cognitive Load";0.758508126025697;2;0.629608269954687
82;"Cognitive Load";0.758508126025697;3;0.737259608260075
82;"Cognitive Load";0.758508126025697;4;0.787880300809279
82;"Cognitive Load";0.758508126025697;5;0.739836360212773
83;"Cognitive Load";-1.46203629764081;1;0.882465096190572
83;"Cognitive Load";-1.46203629764081;2;0.470924565741943
83;"Cognitive Load";-1.46203629764081;3;0.545867755152665
83;"Cognitive Load";-1.46203629764081;4;0.509768786398028
83;"Cognitive Load";-1.46203629764081;5;0.518665929898608
84;"Cognitive Load";-0.10365243358075;1;0.182221929077059
84;"Cognitive Load";-0.10365243358075;2;0.560069616943001
84;"Cognitive Load";-0.10365243358075;3;0.440973835157519
84;"Cognitive Load";-0.10365243358075;4;0.243221430166026
84;"Cognitive Load";-0.10365243358075;5;0.494514530005599
85;"Emotional Stressor";0.341754556573719;1;0.279689724557102
85;"Emotional Stressor";0.341754556573719;2;0.395489241263248
85;"Emotional Stressor";0.341754556573719;3;0.369091408221177
85;"Emotional Stressor";0.341754556573719;4;0.418288301502837
85;"Emotional Stressor";0.341754556573719;5;0.212700172705555
86;"Emotional Stressor";-1.40414917508375;1;0.695545272435993
86;"Emotional Stressor";-1.40414917508375;2;0.388442722761765
86;"Emotional Stressor";-1.40414917508375;3;0.557624471052382
86;"Emotional Stressor";-1.40414917508375;4;0.743095839684919
86;"Emotional Stressor";-1.40414917508375;5;0.772243571385583
87;"Emotional Stressor";1.18357127221526;1;0.902571595739573
87;"Emotional Stressor";1.18357127221526;2;0.712009674187236
87;"Emotional Stressor";1.18357127221526;3;0.717412692921044
87;"Emotional Stressor";1.18357127221526;4;0.979737836055447
87;"Emotional Stressor";1.18357127221526;5;0.626967992250246
88;"Cognitive Load";0.563265682405964;1;0.122813410591334
88;"Cognitive Load";0.563265682405964;2;0.626764351019683
88;"Cognitive Load";0.563265682405964;3;0.449681372875535
88;"Cognitive Load";0.563265682405964;4;0.594157629582927
88;"Cognitive Load";0.563265682405964;5;0.434703851302366
89;"Emotional Stressor";0.97252034993148;1;0.507696751039475
89;"Emotional Stressor";0.97252034993148;2;0.867265683430436
89;"Emotional Stressor";0.97252034993148;3;0.807615989797385
89;"Emotional Stressor";0.97252034993148;4;0.76161285496107
89;"Emotional Stressor";0.97252034993148;5;0.744841468092046
90;"Emotional Stressor";-1.86905555105207;1;0.117283201776445
90;"Emotional Stressor";-1.86905555105207;2;0.812039296467695
90;"Emotional Stressor";-1.86905555105207;3;0.797159904443955
90;"Emotional Stressor";-1.86905555105207;4;0.615749582086533
90;"Emotional Stressor";-1.86905555105207;5;0.743019663171149
91;"Cognitive Load";-1.19927167175095;1;0.924724993761629
91;"Cognitive Load";-1.19927167175095;2;0.275535356732087
91;"Cognitive Load";-1.19927167175095;3;0.228903901122488
91;"Cognitive Load";-1.19927167175095;4;0.166889294846276
91;"Cognitive Load";-1.19927167175095;5;0.053187336215595
92;"Emotional Stressor";-0.0406421518496985;1;0.517282956745476
92;"Emotional Stressor";-0.0406421518496985;2;0.345883941999334
92;"Emotional Stressor";-0.0406421518496985;3;0.298705664722028
92;"Emotional Stressor";-0.0406421518496985;4;0.518444391973342
92;"Emotional Stressor";-0.0406421518496985;5;0.519080719222142
93;"Cognitive Load";-0.297873643654387;1;0.271405781619251
93;"Cognitive Load";-0.297873643654387;2;0.464564400480887
93;"Cognitive Load";-0.297873643654387;3;0.281710396183943
93;"Cognitive Load";-0.297873643654387;4;0.352066881299053
93;"Cognitive Load";-0.297873643654387;5;0.210098026243835
94;"Emotional Stressor";-0.598263692086982;1;0.644636267330498
94;"Emotional Stressor";-0.598263692086982;2;0.264035728395796
94;"Emotional Stressor";-0.598263692086982;3;0.322232661798715
94;"Emotional Stressor";-0.598263692086982;4;0.514274177254137
94;"Emotional Stressor";-0.598263692086982;5;0.629922302368285
95;"Cognitive Load";0.065373551161677;1;0.643785639666021
95;"Cognitive Load";0.065373551161677;2;0.427284678011463
95;"Cognitive Load";0.065373551161677;3;0.397377917918084
95;"Cognitive Load";0.065373551161677;4;0.630611734457014
95;"Cognitive Load";0.065373551161677;5;0.394696536832849
96;"Cognitive Load";-0.441068812574095;1;0.8528285282664
96;"Cognitive Load";-0.441068812574095;2;0.555946217843166
96;"Cognitive Load";-0.441068812574095;3;0.437650719685907
96;"Cognitive Load";-0.441068812574095;4;0.651736962832827
96;"Cognitive Load";-0.441068812574095;5;0.532677567038089
97;"Emotional Stressor";-0.780676262112343;1;0.0651501980610192
97;"Emotional Stressor";-0.780676262112343;2;0.321643273117755
97;"Emotional Stressor";-0.780676262112343;3;0.394607946984661
97;"Emotional Stressor";-0.780676262112343;4;0.66064028104062
97;"Emotional Stressor";-0.780676262112343;5;0.810671916952938
98;"Cognitive Load";1.54897859698446;1;0.406798028852791
98;"Cognitive Load";1.54897859698446;2;0.757225844350995
98;"Cognitive Load";1.54897859698446;3;0.646074870023217
98;"Cognitive Load";1.54897859698446;4;0.57556720404273
98;"Cognitive Load";1.54897859698446;5;0.522251354498813
99;"Cognitive Load";-0.73226273237106;1;0.566700955852866
99;"Cognitive Load";-0.73226273237106;2;0.311462432818606
99;"Cognitive Load";-0.73226273237106;3;0.496921124378366
99;"Cognitive Load";-0.73226273237106;4;0.695942930255436
99;"Cognitive Load";-0.73226273237106;5;0.534121151466095
100;"Emotional Stressor";-0.437348911559458;1;0.843290170188993
100;"Emotional Stressor";-0.437348911559458;2;0.460616911421193
100;"Emotional Stressor";-0.437348911559458;3;0.541239749854774
100;"Emotional Stressor";-0.437348911559458;4;0.537356211093725
100;"Emotional Stressor";-0.437348911559458;5;0.595528063123465
101;"Emotional Stressor";0.396233295759557;1;0.185001975856721
101;"Emotional Stressor";0.396233295759557;2;0.486379568800005
101;"Emotional Stressor";0.396233295759557;3;0.50464343849803
101;"Emotional Stressor";0.396233295759557;4;0.363406878719605
101;"Emotional Stressor";0.396233295759557;5;0.518041722950535
102;"Cognitive Load";0.588853918660361;1;0.242597338743508
102;"Cognitive Load";0.588853918660361;2;0.415630894660888
102;"Cognitive Load";0.588853918660361;3;0.407811371415735
102;"Cognitive Load";0.588853918660361;4;0.438822394921378
102;"Cognitive Load";0.588853918660361;5;0.271772519421954
103;"Cognitive Load";1.19351524729955;1;0.187297565862536
103;"Cognitive Load";1.19351524729955;2;0.676685761770331
103;"Cognitive Load";1.19351524729955;3;0.54526693847159
103;"Cognitive Load";1.19351524729955;4;0.399504316068516
103;"Cognitive Load";1.19351524729955;5;0.479144688612126
104;"Cognitive Load";1.00688659806116;1;0.991477150004357
104;"Cognitive Load";1.00688659806116;2;0.66267882793513
104;"Cognitive Load";1.00688659806116;3;0.58101194105788
104;"Cognitive Load";1.00688659806116;4;0.454617038231521
104;"Cognitive Load";1.00688659806116;5;0.356586416328148
105;"Emotional Stressor";-0.668470909754493;1;0.272568919230253
105;"Emotional Stressor";-0.668470909754493;2;0.4270962473533
105;"Emotional Stressor";-0.668470909754493;3;0.683106977023384
105;"Emotional Stressor";-0.668470909754493;4;0.665846546348679
105;"Emotional Stressor";-0.668470909754493;5;0.486966194259254
106;"Cognitive Load";0.828857602729336;1;0.665826670825481
106;"Cognitive Load";0.828857602729336;2;0.605646901330455
106;"Cognitive Load";0.828857602729336;3;0.695343941205074
106;"Cognitive Load";0.828857602729336;4;0.846355701371663
106;"Cognitive Load";0.828857602729336;5;0.521777635219615
107;"Emotional Stressor";0.0409620472234845;1;0.669424589257687
107;"Emotional Stressor";0.0409620472234845;2;0.423738256230659
107;"Emotional Stressor";0.0409620472234845;3;0.491797611463554
107;"Emotional Stressor";0.0409620472234845;4;0.421672952206935
107;"Emotional Stressor";0.0409620472234845;5;0.214464816507667
108;"Emotional Stressor";1.44123169822132;1;0.601240320596844
108;"Emotional Stressor";1.44123169822132;2;0.412194522657851
108;"Emotional Stressor";1.44123169822132;3;0.429880346643906
108;"Emotional Stressor";1.44123169822132;4;0.405443527814817
108;"Emotional Stressor";1.44123169822132;5;0.421527491813958
109;"Cognitive Load";0.485480500650527;1;0.930145897902548
109;"Cognitive Load";0.485480500650527;2;0.631935587510295
109;"Cognitive Load";0.485480500650527;3;0.547228428994503
109;"Cognitive Load";0.485480500650527;4;0.653866461175408
109;"Cognitive Load";0.485480500650527;5;0.471500576819542
110;"Cognitive Load";-0.278557125714551;1;0.836240378208458
110;"Cognitive Load";-0.278557125714551;2;0.566968114062686
110;"Cognitive Load";-0.278557125714551;3;0.833550792965594
110;"Cognitive Load";-0.278557125714551;4;0.734137842114812
110;"Cognitive Load";-0.278557125714551;5;0.617810844797416
111;"Cognitive Load";-0.323132973772352;1;0.947181240189821
111;"Cognitive Load";-0.323132973772352;2;0.502019477480648
111;"Cognitive Load";-0.323132973772352;3;0.387740550854704
111;"Cognitive Load";-0.323132973772352;4;0.352187860831825
111;"Cognitive Load";-0.323132973772352;5;0.410942452819305
112;"Cognitive Load";-0.0232131742068295;1;0.538587126880884
112;"Cognitive Load";-0.0232131742068295;2;0.807601619290055
112;"Cognitive Load";-0.0232131742068295;3;0.648181903076517
112;"Cognitive Load";-0.0232131742068295;4;0.605197879711455
112;"Cognitive Load";-0.0232131742068295;5;0.491271634231205
113;"Emotional Stressor";-0.0552935065441105;1;0.872403101529926
113;"Emotional Stressor";-0.0552935065441105;2;0.362307316910157
113;"Emotional Stressor";-0.0552935065441105;3;0.499196928359173
113;"Emotional Stressor";-0.0552935065441105;4;0.849701673241702
113;"Emotional Stressor";-0.0552935065441105;5;0.829948168315887
114;"Emotional Stressor";0.537800587942179;1;0.70734621444717
114;"Emotional Stressor";0.537800587942179;2;0.436220536515296
114;"Emotional Stressor";0.537800587942179;3;0.505640619884442
114;"Emotional Stressor";0.537800587942179;4;0.63890247854175
114;"Emotional Stressor";0.537800587942179;5;0.609249690890554
115;"Emotional Stressor";1.1641630897865;1;0.38465064112097
115;"Emotional Stressor";1.1641630897865;2;0.365200007055023
115;"Emotional Stressor";1.1641630897865;3;0.574423362176955
115;"Emotional Stressor";1.1641630897865;4;0.699936966240247
115;"Emotional Stressor";1.1641630897865;5;0.421853787382195
116;"Emotional Stressor";0.480980994131256;1;0.484120103064924
116;"Emotional Stressor";0.480980994131256;2;0.548414380541545
116;"Emotional Stressor";0.480980994131256;3;0.615589519621971
116;"Emotional Stressor";0.480980994131256;4;0.800047464210737
116;"Emotional Stressor";0.480980994131256;5;0.705226614025726
117;"Cognitive Load";1.1191913834993;1;0.0146340490318835
117;"Cognitive Load";1.1191913834993;2;0.429695632240728
117;"Cognitive Load";1.1191913834993;3;0.44322034957481
117;"Cognitive Load";1.1191913834993;4;0.45434253444861
117;"Cognitive Load";1.1191913834993;5;0.355826797632335
118;"Cognitive Load";0.137398896318463;1;0.189967605285347
118;"Cognitive Load";0.137398896318463;2;0.446324641757747
118;"Cognitive Load";0.137398896318463;3;0.456859982379427
118;"Cognitive Load";0.137398896318463;4;0.449971570840679
118;"Cognitive Load";0.137398896318463;5;0.490400244978648
119;"Emotional Stressor";1.75764398044928;1;0.581852567382157
119;"Emotional Stressor";1.75764398044928;2;0.487247369442538
119;"Emotional Stressor";1.75764398044928;3;0.487375634638689
119;"Emotional Stressor";1.75764398044928;4;0.666580329060059
119;"Emotional Stressor";1.75764398044928;5;0.44982008957664
120;"Cognitive Load";0.391632150763115;1;0.976224508602172
120;"Cognitive Load";0.391632150763115;2;0.362037514007726
120;"Cognitive Load";0.391632150763115;3;0.171961141426866
120;"Cognitive Load";0.391632150763115;4;0.369382235285784
120;"Cognitive Load";0.391632150763115;5;0.456058726830255
121;"Emotional Stressor";0.741132446988293;1;0.660485983360559
121;"Emotional Stressor";0.741132446988293;2;0.358366390796695
121;"Emotional Stressor";0.741132446988293;3;0.346708826831518
121;"Emotional Stressor";0.741132446988293;4;0.325132087167872
121;"Emotional Stressor";0.741132446988293;5;0.324893611000058
122;"Emotional Stressor";0.331265020796648;1;0.742594997398555
122;"Emotional Stressor";0.331265020796648;2;0.40462740083066
122;"Emotional Stressor";0.331265020796648;3;0.416095446304303
122;"Emotional Stressor";0.331265020796648;4;0.668361900065887
122;"Emotional Stressor";0.331265020796648;5;0.724667146738009
123;"Emotional Stressor";0.245685078147855;1;0.287977785337716
123;"Emotional Stressor";0.245685078147855;2;0.306263622753181
123;"Emotional Stressor";0.245685078147855;3;0.532049299658834
123;"Emotional Stressor";0.245685078147855;4;0.586681262056869
123;"Emotional Stressor";0.245685078147855;5;0.45458460104801
124;"Emotional Stressor";1.17018031924725;1;0.370459214318544
124;"Emotional Stressor";1.17018031924725;2;0.693056891345584
124;"Emotional Stressor";1.17018031924725;3;0.539449617347597
124;"Emotional Stressor";1.17018031924725;4;0.685093291061882
124;"Emotional Stressor";1.17018031924725;5;0.456751079544407
125;"Emotional Stressor";-0.652342255546339;1;0.655870054848492
125;"Emotional Stressor";-0.652342255546339;2;0.404772394887932
125;"Emotional Stressor";-0.652342255546339;3;0.439985690680235
125;"Emotional Stressor";-0.652342255546339;4;0.460400891640963
125;"Emotional Stressor";-0.652342255546339;5;0.546240609784878
126;"Emotional Stressor";0.34271584108248;1;0.0391370407305658
126;"Emotional Stressor";0.34271584108248;2;0.447311964838435
126;"Emotional Stressor";0.34271584108248;3;0.378520326840556
126;"Emotional Stressor";0.34271584108248;4;0.666990084703899
126;"Emotional Stressor";0.34271584108248;5;0.55306161181984
127;"Emotional Stressor";-0.000871436050577308;1;0.812464368529618
127;"Emotional Stressor";-0.000871436050577308;2;0.633553021564291
127;"Emotional Stressor";-0.000871436050577308;3;0.700163185488317
127;"Emotional Stressor";-0.000871436050577308;4;0.726654457880668
127;"Emotional Stressor";-0.000871436050577308;5;0.582492554812606
128;"Cognitive Load";0.917560744967828;1;0.559364442247897
128;"Cognitive Load";0.917560744967828;2;0.628173043782841
128;"Cognitive Load";0.917560744967828;3;0.55318273673397
128;"Cognitive Load";0.917560744967828;4;0.501388056078141
128;"Cognitive Load";0.917560744967828;5;0.456048282828297
129;"Cognitive Load";0.347799501383588;1;0.602352889254689
129;"Cognitive Load";0.347799501383588;2;0.533176769226355
129;"Cognitive Load";0.347799501383588;3;0.325939039453595
129;"Cognitive Load";0.347799501383588;4;0.353095517024458
129;"Cognitive Load";0.347799501383588;5;0.429492642765418
130;"Emotional Stressor";1.84617596309935;1;0.756103903520852
130;"Emotional Stressor";1.84617596309935;2;0.413203061740375
130;"Emotional Stressor";1.84617596309935;3;0.583359966699419
130;"Emotional Stressor";1.84617596309935;4;0.743936315026983
130;"Emotional Stressor";1.84617596309935;5;0.530815222576009
131;"Emotional Stressor";-1.57650210322048;1;0.107714479789138
131;"Emotional Stressor";-1.57650210322048;2;0.534394148519295
131;"Emotional Stressor";-1.57650210322048;3;0.424472642030295
131;"Emotional Stressor";-1.57650210322048;4;0.523705287500485
131;"Emotional Stressor";-1.57650210322048;5;0.879669814347903
132;"Emotional Stressor";0.554484463120682;1;0.375248953700066
132;"Emotional Stressor";0.554484463120682;2;0.447818731562632
132;"Emotional Stressor";0.554484463120682;3;0.582090047819734
132;"Emotional Stressor";0.554484463120682;4;0.755895434411596
132;"Emotional Stressor";0.554484463120682;5;0.792661136473653
133;"Emotional Stressor";1.06338905675997;1;0.748289519920945
133;"Emotional Stressor";1.06338905675997;2;0.540956405463789
133;"Emotional Stressor";1.06338905675997;3;0.546062328949779
133;"Emotional Stressor";1.06338905675997;4;0.552098747055276
133;"Emotional Stressor";1.06338905675997;5;0.465357095952625
134;"Emotional Stressor";-1.44253632726906;1;0.948299529030919
134;"Emotional Stressor";-1.44253632726906;2;0.552951741911886
134;"Emotional Stressor";-1.44253632726906;3;0.615248613641834
134;"Emotional Stressor";-1.44253632726906;4;0.617553406415374
134;"Emotional Stressor";-1.44253632726906;5;0.311999026645406
135;"Cognitive Load";0.809211428500842;1;0.444752826821059
135;"Cognitive Load";0.809211428500842;2;0.47826430954752
135;"Cognitive Load";0.809211428500842;3;0.28169415342808
135;"Cognitive Load";0.809211428500842;4;0.206036932230422
135;"Cognitive Load";0.809211428500842;5;0.460906368171103
136;"Emotional Stressor";0.704361242034523;1;0.713660261128098
136;"Emotional Stressor";0.704361242034523;2;0.196172662439289
136;"Emotional Stressor";0.704361242034523;3;0.556942924113934
136;"Emotional Stressor";0.704361242034523;4;0.716975394417542
136;"Emotional Stressor";0.704361242034523;5;0.646864863716388
137;"Emotional Stressor";-0.211887343598413;1;0.577189929317683
137;"Emotional Stressor";-0.211887343598413;2;0.428882639360839
137;"Emotional Stressor";-0.211887343598413;3;0.589611572593851
137;"Emotional Stressor";-0.211887343598413;4;0.737316886068587
137;"Emotional Stressor";-0.211887343598413;5;0.631616671485035
138;"Cognitive Load";1.72889109831634;1;0.047312839422375
138;"Cognitive Load";1.72889109831634;2;0.601489696186666
138;"Cognitive Load";1.72889109831634;3;0.518922063298185
138;"Cognitive Load";1.72889109831634;4;0.501392000355425
138;"Cognitive Load";1.72889109831634;5;0.277813092635707
139;"Emotional Stressor";-0.295768759779244;1;0.526083034928888
139;"Emotional Stressor";-0.295768759779244;2;0.752161089855612
139;"Emotional Stressor";-0.295768759779244;3;0.519522629373189
139;"Emotional Stressor";-0.295768759779244;4;0.688229223126988
139;"Emotional Stressor";-0.295768759779244;5;0.426516537879323
140;"Emotional Stressor";-0.306139620315523;1;0.355005015153438
140;"Emotional Stressor";-0.306139620315523;2;0.53810436442864
140;"Emotional Stressor";-0.306139620315523;3;0.612881356247492
140;"Emotional Stressor";-0.306139620315523;4;0.697376028425299
140;"Emotional Stressor";-0.306139620315523;5;0.47445686819612
141;"Cognitive Load";1.57544926420489;1;0.475140193011612
141;"Cognitive Load";1.57544926420489;2;0.396241792333286
141;"Cognitive Load";1.57544926420489;3;0.459279345904044
141;"Cognitive Load";1.57544926420489;4;0.538777126377934
141;"Cognitive Load";1.57544926420489;5;0.107807907292712
142;"Cognitive Load";-0.368501201887491;1;0.976045507472008
142;"Cognitive Load";-0.368501201887491;2;0.208483455470677
142;"Cognitive Load";-0.368501201887491;3;0.0966422076961227
142;"Cognitive Load";-0.368501201887491;4;0.342215064162033
142;"Cognitive Load";-0.368501201887491;5;0.223356075717912
143;"Cognitive Load";1.89115827522777;1;0.678721238393337
143;"Cognitive Load";1.89115827522777;2;0.437592742276521
143;"Cognitive Load";1.89115827522777;3;0.436057703997786
143;"Cognitive Load";1.89115827522777;4;0.482972282744414
143;"Cognitive Load";1.89115827522777;5;0.391479636916398
144;"Cognitive Load";-0.921607760395118;1;0.700121277943254
144;"Cognitive Load";-0.921607760395118;2;0.479631173400751
144;"Cognitive Load";-0.921607760395118;3;0.345979082939625
144;"Cognitive Load";-0.921607760395118;4;0.54568480698578
144;"Cognitive Load";-0.921607760395118;5;0.475258529436438
145;"Cognitive Load";-1.06254452995571;1;0.0250684274360538
145;"Cognitive Load";-1.06254452995571;2;0.478356341236227
145;"Cognitive Load";-1.06254452995571;3;0.363037113589098
145;"Cognitive Load";-1.06254452995571;4;0.565374434348454
145;"Cognitive Load";-1.06254452995571;5;0.516883577819279
146;"Emotional Stressor";-1.15209830575281;1;0.0123791946098208
146;"Emotional Stressor";-1.15209830575281;2;0.706517006734777
146;"Emotional Stressor";-1.15209830575281;3;0.784008961086308
146;"Emotional Stressor";-1.15209830575281;4;0.734698904557831
146;"Emotional Stressor";-1.15209830575281;5;0.7954904487266
147;"Cognitive Load";0.273957134405025;1;0.781733258627355
147;"Cognitive Load";0.273957134405025;2;0.458408038154021
147;"Cognitive Load";0.273957134405025;3;0.494849903516431
147;"Cognitive Load";0.273957134405025;4;0.56135412678648
147;"Cognitive Load";0.273957134405025;5;0.583004472710643
148;"Cognitive Load";2.27948094608624;1;0.887337657622993
148;"Cognitive Load";2.27948094608624;2;0.640443443923159
148;"Cognitive Load";2.27948094608624;3;0.617855743200891
148;"Cognitive Load";2.27948094608624;4;0.466975025757977
148;"Cognitive Load";2.27948094608624;5;0.426690080914666
149;"Cognitive Load";0.488954004663854;1;0.532347378320992
149;"Cognitive Load";0.488954004663854;2;0.656526009794815
149;"Cognitive Load";0.488954004663854;3;0.268324098868614
149;"Cognitive Load";0.488954004663854;4;0.545039700560195
149;"Cognitive Load";0.488954004663854;5;0.40282309344808
150;"Cognitive Load";-1.1458831137949;1;0.197729204781353
150;"Cognitive Load";-1.1458831137949;2;0.297644527488119
150;"Cognitive Load";-1.1458831137949;3;0.389467215596775
150;"Cognitive Load";-1.1458831137949;4;0.284436029806208
150;"Cognitive Load";-1.1458831137949;5;0.105744511347102
151;"Cognitive Load";0.649432914328114;1;0.679090476129204
151;"Cognitive Load";0.649432914328114;2;0.365521817012995
151;"Cognitive Load";0.649432914328114;3;0.381324492948675
151;"Cognitive Load";0.649432914328114;4;0.447729350964941
151;"Cognitive Load";0.649432914328114;5;0.442569509561742
152;"Cognitive Load";-1.54487438895711;1;0.440535434987396
152;"Cognitive Load";-1.54487438895711;2;0.300223149067841
152;"Cognitive Load";-1.54487438895711;3;0.566201527885784
152;"Cognitive Load";-1.54487438895711;4;0.455071845787672
152;"Cognitive Load";-1.54487438895711;5;0.582865369686327
153;"Cognitive Load";0.442289936565648;1;0.410547096282244
153;"Cognitive Load";0.442289936565648;2;0.422403281976819
153;"Cognitive Load";0.442289936565648;3;0.514930312464007
153;"Cognitive Load";0.442289936565648;4;0.528168701413587
153;"Cognitive Load";0.442289936565648;5;0.60920256881611
154;"Cognitive Load";0.759773411682641;1;0.499055234249681
154;"Cognitive Load";0.759773411682641;2;0.734028347437785
154;"Cognitive Load";0.759773411682641;3;0.766600525077304
154;"Cognitive Load";0.759773411682641;4;0.868864820645055
154;"Cognitive Load";0.759773411682641;5;0.437534708310841
155;"Cognitive Load";-0.936692765482582;1;0.268408942967653
155;"Cognitive Load";-0.936692765482582;2;0.448121161378931
155;"Cognitive Load";-0.936692765482582;3;0.454890107079724
155;"Cognitive Load";-0.936692765482582;4;0.508170678733231
155;"Cognitive Load";-0.936692765482582;5;0.301521846072513
156;"Emotional Stressor";-0.68051022980211;1;0.0626099980436265
156;"Emotional Stressor";-0.68051022980211;2;0.603843128175857
156;"Emotional Stressor";-0.68051022980211;3;0.728705044562431
156;"Emotional Stressor";-0.68051022980211;4;0.400628001263395
156;"Emotional Stressor";-0.68051022980211;5;0.619402168186669
157;"Emotional Stressor";0.486629273233397;1;0.55984096089378
157;"Emotional Stressor";0.486629273233397;2;0.774192547838182
157;"Emotional Stressor";0.486629273233397;3;0.872446417742583
157;"Emotional Stressor";0.486629273233397;4;0.703693652429938
157;"Emotional Stressor";0.486629273233397;5;0.607699142589112
158;"Emotional Stressor";0.708945953255993;1;0.759452934842557
158;"Emotional Stressor";0.708945953255993;2;0.572284351832229
158;"Emotional Stressor";0.708945953255993;3;0.691192683069012
158;"Emotional Stressor";0.708945953255993;4;0.773368979246293
158;"Emotional Stressor";0.708945953255993;5;0.82985708454604
159;"Cognitive Load";-0.558886290670468;1;0.0602491390891373
159;"Cognitive Load";-0.558886290670468;2;0.499890129517522
159;"Cognitive Load";-0.558886290670468;3;0.609255168823066
159;"Cognitive Load";-0.558886290670468;4;0.61358858580732
159;"Cognitive Load";-0.558886290670468;5;0.479380655483225
160;"Emotional Stressor";0.208787680776856;1;0.717324608005583
160;"Emotional Stressor";0.208787680776856;2;0.303495870309476
160;"Emotional Stressor";0.208787680776856;3;0.463770318719543
160;"Emotional Stressor";0.208787680776856;4;0.565626127126594
160;"Emotional Stressor";0.208787680776856;5;0.579685090321362
161;"Emotional Stressor";-0.851889619319461;1;0.159441058989614
161;"Emotional Stressor";-0.851889619319461;2;0.443992493095684
161;"Emotional Stressor";-0.851889619319461;3;0.538519895944737
161;"Emotional Stressor";-0.851889619319461;4;0.602029445737518
161;"Emotional Stressor";-0.851889619319461;5;0.510801104554723
162;"Emotional Stressor";0.458507127078212;1;0.411860910709947
162;"Emotional Stressor";0.458507127078212;2;0.333536532137696
162;"Emotional Stressor";0.458507127078212;3;0.527084103540165
162;"Emotional Stressor";0.458507127078212;4;0.563168988559536
162;"Emotional Stressor";0.458507127078212;5;0.407134311011315
163;"Emotional Stressor";0.76835046370032;1;0.968738385010511
163;"Emotional Stressor";0.76835046370032;2;0.542744364676429
163;"Emotional Stressor";0.76835046370032;3;0.489143897298083
163;"Emotional Stressor";0.76835046370032;4;0.840248794176378
163;"Emotional Stressor";0.76835046370032;5;0.655560460806513
164;"Cognitive Load";-0.515870390373355;1;0.720303417183459
164;"Cognitive Load";-0.515870390373355;2;0.615290347135038
164;"Cognitive Load";-0.515870390373355;3;0.580629562844895
164;"Cognitive Load";-0.515870390373355;4;0.584828784777092
164;"Cognitive Load";-0.515870390373355;5;0.398084500615555
165;"Emotional Stressor";-1.17667796191387;1;0.360688957385719
165;"Emotional Stressor";-1.17667796191387;2;0.293224898422097
165;"Emotional Stressor";-1.17667796191387;3;0.212262470628283
165;"Emotional Stressor";-1.17667796191387;4;0.580364744891803
165;"Emotional Stressor";-1.17667796191387;5;0.407370459174361
166;"Emotional Stressor";-0.00380608532356114;1;0.600913009606302
166;"Emotional Stressor";-0.00380608532356114;2;0.449120726085557
166;"Emotional Stressor";-0.00380608532356114;3;0.569608462163479
166;"Emotional Stressor";-0.00380608532356114;4;0.342182485932438
166;"Emotional Stressor";-0.00380608532356114;5;0.489913244619323
167;"Cognitive Load";0.192612129927504;1;0.664630811195821
167;"Cognitive Load";0.192612129927504;2;0.576981481105524
167;"Cognitive Load";0.192612129927504;3;0.58612037951278
167;"Cognitive Load";0.192612129927504;4;0.500967695596219
167;"Cognitive Load";0.192612129927504;5;0.535268637471078
168;"Cognitive Load";-0.890982088095333;1;0.328452788759023
168;"Cognitive Load";-0.890982088095333;2;0.543470070367455
168;"Cognitive Load";-0.890982088095333;3;0.497627416025403
168;"Cognitive Load";-0.890982088095333;4;0.368420207808185
168;"Cognitive Load";-0.890982088095333;5;0.221376387514622
169;"Emotional Stressor";0.886797227437815;1;0.44155256729573
169;"Emotional Stressor";0.886797227437815;2;0.265043159209506
169;"Emotional Stressor";0.886797227437815;3;0.489891734583475
169;"Emotional Stressor";0.886797227437815;4;0.622404066150261
169;"Emotional Stressor";0.886797227437815;5;0.553056438691177
170;"Emotional Stressor";-0.153492203448942;1;0.527745207305998
170;"Emotional Stressor";-0.153492203448942;2;0.373755639094928
170;"Emotional Stressor";-0.153492203448942;3;0.430656676145195
170;"Emotional Stressor";-0.153492203448942;4;0.286591896078812
170;"Emotional Stressor";-0.153492203448942;5;0.282091264818115
171;"Cognitive Load";1.50821731190612;1;0.0284340712241828
171;"Cognitive Load";1.50821731190612;2;0.484953388166964
171;"Cognitive Load";1.50821731190612;3;0.391169960703446
171;"Cognitive Load";1.50821731190612;4;0.402911615658675
171;"Cognitive Load";1.50821731190612;5;0.449248309105586
172;"Cognitive Load";0.903053990410734;1;0.504592256154865
172;"Cognitive Load";0.903053990410734;2;0.237153597308719
172;"Cognitive Load";0.903053990410734;3;0.322216812302686
172;"Cognitive Load";0.903053990410734;4;0.124682307543196
172;"Cognitive Load";0.903053990410734;5;0.426850579074076
173;"Emotional Stressor";0.385063697012698;1;0.0387397669255733
173;"Emotional Stressor";0.385063697012698;2;0.918919862164086
173;"Emotional Stressor";0.385063697012698;3;0.990632351111338
173;"Emotional Stressor";0.385063697012698;4;0.999989269340844
173;"Emotional Stressor";0.385063697012698;5;0.94499273751804
174;"Cognitive Load";-1.00007544010376;1;0.0306089343503118
174;"Cognitive Load";-1.00007544010376;2;0.26547882427861
174;"Cognitive Load";-1.00007544010376;3;0.230735099785533
174;"Cognitive Load";-1.00007544010376;4;0.416244236059353
174;"Cognitive Load";-1.00007544010376;5;0.48027980957304
175;"Emotional Stressor";0.41438566423051;1;0.0425825668498874
175;"Emotional Stressor";0.41438566423051;2;0.506146723396428
175;"Emotional Stressor";0.41438566423051;3;0.536982742185587
175;"Emotional Stressor";0.41438566423051;4;0.827786523869691
175;"Emotional Stressor";0.41438566423051;5;0.783080683243464
176;"Emotional Stressor";0.424303766650232;1;0.893680127803236
176;"Emotional Stressor";0.424303766650232;2;0.164549289263452
176;"Emotional Stressor";0.424303766650232;3;0.309927558882465
176;"Emotional Stressor";0.424303766650232;4;0.512164027528807
176;"Emotional Stressor";0.424303766650232;5;0.294807162434514
177;"Cognitive Load";0.73055689991367;1;0.655186036136001
177;"Cognitive Load";0.73055689991367;2;0.632545093817961
177;"Cognitive Load";0.73055689991367;3;0.539172289750074
177;"Cognitive Load";0.73055689991367;4;0.295983136342972
177;"Cognitive Load";0.73055689991367;5;0.141165593905886
178;"Cognitive Load";-0.0783668507195548;1;0.00603656936436892
178;"Cognitive Load";-0.0783668507195548;2;0.47624431237874
178;"Cognitive Load";-0.0783668507195548;3;0.308394387203032
178;"Cognitive Load";-0.0783668507195548;4;0.611592878938436
178;"Cognitive Load";-0.0783668507195548;5;0.434795246396046
179;"Cognitive Load";0.098903222290816;1;0.0663588503375649
179;"Cognitive Load";0.098903222290816;2;0.502970787512304
179;"Cognitive Load";0.098903222290816;3;0.396408908763
179;"Cognitive Load";0.098903222290816;4;0.29553506581408
179;"Cognitive Load";0.098903222290816;5;0.18578645135984
180;"Emotional Stressor";0.667480801923713;1;0.0394879817031324
180;"Emotional Stressor";0.667480801923713;2;0.199484984317748
180;"Emotional Stressor";0.667480801923713;3;0.398177921135025
180;"Emotional Stressor";0.667480801923713;4;0.629016559949319
180;"Emotional Stressor";0.667480801923713;5;0.685757351324345
181;"Emotional Stressor";0.276618998501714;1;0.00358507689088583
181;"Emotional Stressor";0.276618998501714;2;0.571096968518235
181;"Emotional Stressor";0.276618998501714;3;0.758151628612831
181;"Emotional Stressor";0.276618998501714;4;0.627760875219036
181;"Emotional Stressor";0.276618998501714;5;0.515941032529675
182;"Cognitive Load";1.06718583895622;1;0.219027747865766
182;"Cognitive Load";1.06718583895622;2;0.430484352935372
182;"Cognitive Load";1.06718583895622;3;0.502839974647926
182;"Cognitive Load";1.06718583895622;4;0.511892328173583
182;"Cognitive Load";1.06718583895622;5;0.579155580759151
183;"Emotional Stressor";1.65072376812593;1;0.192394066601992
183;"Emotional Stressor";1.65072376812593;2;0.513991674114064
183;"Emotional Stressor";1.65072376812593;3;0.865360757249763
183;"Emotional Stressor";1.65072376812593;4;0.820529204610425
183;"Emotional Stressor";1.65072376812593;5;0.660240239914917
184;"Cognitive Load";-0.543691233041495;1;0.951205453835428
184;"Cognitive Load";-0.543691233041495;2;0.333101632097262
184;"Cognitive Load";-0.543691233041495;3;0.309202934034416
184;"Cognitive Load";-0.543691233041495;4;0.538791601006586
184;"Cognitive Load";-0.543691233041495;5;0.447256476989343
185;"Emotional Stressor";-1.13811358871853;1;0.674497313797474
185;"Emotional Stressor";-1.13811358871853;2;0.474646328363998
185;"Emotional Stressor";-1.13811358871853;3;0.356517336418924
185;"Emotional Stressor";-1.13811358871853;4;0.483771377076613
185;"Emotional Stressor";-1.13811358871853;5;0.752463156257964
186;"Cognitive Load";-0.0746361671132663;1;0.55711607914418
186;"Cognitive Load";-0.0746361671132663;2;0.462729715848961
186;"Cognitive Load";-0.0746361671132663;3;0.529267899231185
186;"Cognitive Load";-0.0746361671132663;4;0.632587047184311
186;"Cognitive Load";-0.0746361671132663;5;0.597365909885347
187;"Cognitive Load";-1.250345217136;1;0.572341862600297
187;"Cognitive Load";-1.250345217136;2;0.596003845280946
187;"Cognitive Load";-1.250345217136;3;0.569046729855707
187;"Cognitive Load";-1.250345217136;4;0.536560987502113
187;"Cognitive Load";-1.250345217136;5;0.516985267693194
188;"Cognitive Load";0.437414574732911;1;0.098285170737654
188;"Cognitive Load";0.437414574732911;2;0.577423920073915
188;"Cognitive Load";0.437414574732911;3;0.558929051327705
188;"Cognitive Load";0.437414574732911;4;0.434639178401001
188;"Cognitive Load";0.437414574732911;5;0.227226105316758
189;"Cognitive Load";-0.750473604355546;1;0.214664234779775
189;"Cognitive Load";-0.750473604355546;2;0.531202851113583
189;"Cognitive Load";-0.750473604355546;3;0.504594839557104
189;"Cognitive Load";-0.750473604355546;4;0.292123675871275
189;"Cognitive Load";-0.750473604355546;5;0.58941019776447
190;"Cognitive Load";-1.51152563968904;1;0.929608723148704
190;"Cognitive Load";-1.51152563968904;2;0.350362434523677
190;"Cognitive Load";-1.51152563968904;3;0.515597012626501
190;"Cognitive Load";-1.51152563968904;4;0.636999899107668
190;"Cognitive Load";-1.51152563968904;5;0.623142343504776
191;"Cognitive Load";-0.117643982227956;1;0.824720448814332
191;"Cognitive Load";-0.117643982227956;2;0.536187465805496
191;"Cognitive Load";-0.117643982227956;3;0.796178346097687
191;"Cognitive Load";-0.117643982227956;4;0.60138681526577
191;"Cognitive Load";-0.117643982227956;5;0.302743782076876
192;"Cognitive Load";1.60915746336073;1;0.827112722210586
192;"Cognitive Load";1.60915746336073;2;0.593971433240456
192;"Cognitive Load";1.60915746336073;3;0.478447748445196
192;"Cognitive Load";1.60915746336073;4;0.477721947578078
192;"Cognitive Load";1.60915746336073;5;0.47021447819214
193;"Cognitive Load";-0.18020112912768;1;0.614514411892742
193;"Cognitive Load";-0.18020112912768;2;0.500241370638492
193;"Cognitive Load";-0.18020112912768;3;0.62839996216655
193;"Cognitive Load";-0.18020112912768;4;0.321296588930315
193;"Cognitive Load";-0.18020112912768;5;0.443759848385056
194;"Emotional Stressor";-0.446539402207607;1;0.339461543597281
194;"Emotional Stressor";-0.446539402207607;2;0.611335774863724
194;"Emotional Stressor";-0.446539402207607;3;0.501173919760772
194;"Emotional Stressor";-0.446539402207607;4;0.626771424720653
194;"Emotional Stressor";-0.446539402207607;5;0.708201477415119
195;"Cognitive Load";-1.32655045648968;1;0.935187171213329
195;"Cognitive Load";-1.32655045648968;2;0.251633810245107
195;"Cognitive Load";-1.32655045648968;3;0.142990358876126
195;"Cognitive Load";-1.32655045648968;4;0.266035278288349
195;"Cognitive Load";-1.32655045648968;5;0.364632885582607
196;"Cognitive Load";1.16570747059298;1;0.23518778430298
196;"Cognitive Load";1.16570747059298;2;0.373675730897576
196;"Cognitive Load";1.16570747059298;3;0.588129877179065
196;"Cognitive Load";1.16570747059298;4;0.638234131111264
196;"Cognitive Load";1.16570747059298;5;0.599433584876539
197;"Emotional Stressor";-0.198667196791587;1;0.827433412894607
197;"Emotional Stressor";-0.198667196791587;2;0.0422836957407818
197;"Emotional Stressor";-0.198667196791587;3;0.0979952092819837
197;"Emotional Stressor";-0.198667196791587;4;0.423319997119549
197;"Emotional Stressor";-0.198667196791587;5;0.381348721941133
198;"Cognitive Load";0.317002676141329;1;0.267174338456243
198;"Cognitive Load";0.317002676141329;2;0.494334204997712
198;"Cognitive Load";0.317002676141329;3;0.737245344508485
198;"Cognitive Load";0.317002676141329;4;0.777468792776973
198;"Cognitive Load";0.317002676141329;5;0.446230395963285
199;"Cognitive Load";0.789028126676629;1;0.0959787215106189
199;"Cognitive Load";0.789028126676629;2;0.43240346390759
199;"Cognitive Load";0.789028126676629;3;0.444354413880729
199;"Cognitive Load";0.789028126676629;4;0.481900108690993
199;"Cognitive Load";0.789028126676629;5;0.425308271751173
200;"Emotional Stressor";-1.25779249429585;1;0.138656172435731
200;"Emotional Stressor";-1.25779249429585;2;0.386974539003033
200;"Emotional Stressor";-1.25779249429585;3;0.453188102700588
200;"Emotional Stressor";-1.25779249429585;4;0.683317203527637
200;"Emotional Stressor";-1.25779249429585;5;0.756318403718595
